user_id,movie_id,movie_name,explanation
2,42,Dead Presidents ,"This is from a genre you typically avoid, but it might still interest you due to its strong drama elements and historical context."
2,71,Fair Game ,"This is from a genre you typically avoid, but it might still interest you."
2,85,Angels and Insects ,"'Angels and Insects' is recommended based on your preferences due to its genre match with 'Shine' and 'Yojimbo', and its blend of drama and romance, similar to 'Like Water for Chocolate' and 'Doctor Zhivago'."
2,111,Taxi Driver ,"'Taxi Driver' is recommended due to its exploration of themes found in your liked dramas and thrillers, such as isolation and the darker side of human nature."
2,138,"Neon Bible, The ","This is from a genre you typically avoid, but it might still interest you."
2,143,Gospa ,"This is from a genre you typically avoid, but it might still interest you."
2,164,Devil in a Blue Dress ,"This is from a genre you typically avoid, but it might still interest you due to its unique blend of drama and mystery elements."
2,201,Three Wishes ,"This is from a genre you typically avoid, but it might still interest you."
2,208,Waterworld ,"This may not fully match your preferences, but Waterworld's post-apocalyptic setting and adventurous tone might interest you due to its similar themes found in 'Star Wars: Episode I - The Phantom Menace' and 'Star Trek VI: The Undiscovered Country'."
2,234,Exit to Eden ,'Exit to Eden' is recommended based on your liking for 'Shine' and 'Strictly Ballroom'.
3,274,Man of the House ,"'Man of the House' is recommended due to its shared comedic themes with your watch history, particularly with 'Animal House' and 'Raising Arizona'."
3,298,Pushing Hands ,"This is from a genre you typically avoid, but it might still interest you."
3,318,"Shawshank Redemption, The ","This is from a genre you typically avoid, but it might still interest you due to its strong storytelling and character development, often praised for its emotional depth."
3,331,Tom & Viv ,"Tom & Viv is recommended due to its strong drama genre and connection to the 'Being John Malkovich' user, who likely appreciates character-driven, emotionally charged storytelling."
3,354,Cobb ,"'Cobb' is recommended based on your preference for Drama, as it is a highly acclaimed and emotionally charged film that explores themes of loss and redemption."
3,368,Maverick ,"'Maverick' is recommended because it combines action, comedy, and western genres, similar to your preferences for 'Golden Child, The', 'Young Guns', and 'Butch Cassidy and the Sundance Kid'."
3,391,Jason's Lyric ,"This is from a genre you typically avoid, but it might still interest you."
3,411,You So Crazy ,"This is from a genre you typically avoid, but it might still interest you."
3,428,"Bronx Tale, A ","This is from a genre you typically avoid, but it might still interest you."
3,459,"Getaway, The ","Getaway, The is recommended based on your Action preferences, as it matches your interest in high-octane Adventure and Thriller genres."
4,493,Menace II Society ,"Menace II Society is recommended due to its blend of gritty urban drama and intense action sequences, aligning with your interest in Action, Crime, and Drama genres."
4,522,Romper Stomper ,"Romper Stomper is recommended because it combines intense action with a powerful drama, aligning with your interest in action-packed films with strong narrative focus."
4,536,"Simple Twist of Fate, A ","This is from a genre you typically avoid, but it might still interest you."
4,545,Harlem ,"This is from a genre you typically avoid, but it might still interest you."
4,567,Kika ,"This drama might appeal to your interest in 'Hustler' and 'Rocky', given its focus on character-driven storytelling and intense emotional exploration."
4,601,"Wooden Man's Bride, The (Wu Kui) ","This drama, a classic Chinese film, showcases a strong female lead and explores themes of love, sacrifice, and social hierarchy, aligning with your interest in 'Hustler, The'."
4,611,Hellraiser: Bloodline ,"'Hellraiser: Bloodline' is recommended due to its blend of sci-fi and horror elements, aligning with your interest in Action, Horror, Sci-Fi, and Thriller genres."
4,628,Primal Fear ,"'Primal Fear' is recommended because it combines intense courtroom drama with psychological thrills, aligning with your interests in Action, Thriller, Drama, and Crime genres."
4,658,Billy's Holiday ,"'Billy's Holiday' is recommended due to its dramatic tone, similar to 'Hustler' and 'Rocky', and its exploration of human struggle, aligning with your preferences for intense, character-driven drama."
4,682,Tigrero: A Film That Was Never Made ,"'Tigrero: A Film That Was Never Made' is recommended due to its connection to Sergio Corbucci, a director you've liked, who created 'Django', a key influence on Quentin Tarantino."
5,712,Captives ,"This is from a genre you typically avoid, but it might still interest you."
5,735,Cemetery Man (Dellamorte Dellamore) ,"This is from a genre you typically avoid, but it might still interest you."
5,769,Marlene Dietrich: Shadow and Light ,"This documentary explores the life and career of Marlene Dietrich, a pioneering actress and singer, aligning with your interest in Drama and Documentary genres."
5,773,Touki Bouki (Journey of the Hyena) ,"This is from a genre you typically avoid, but it might still interest you due to its unique blend of drama and adventure elements."
5,803,Walking and Talking ,"This is from a genre you typically avoid, but it might still interest you as a romantic comedy."
5,827,"Convent, The (Convento, O) ","This is from a genre you typically avoid, but it might still interest you due to its unique blend of drama and historical context."
5,850,Cyclo ,"This may not fully match your preferences, but it explores the intersection of crime and drama, which is a lesser-known territory within your preferred genres."
5,868,Death in Brunswick ,"This is from a genre you typically avoid, but it might still interest you."
5,876,Police Story 4: Project S (Chao ji ji hua) ,"This may not fully match your preferences, but it explores the intersection of action and martial arts, a blend of genres often found in Police Story."
5,909,"Apartment, The ","This is from a genre you typically avoid, but it might still interest you."
6,933,To Catch a Thief ,"To Catch a Thief is recommended because it combines the comedic chemistry of Audrey Hepburn and Cary Grant with a thrilling plot, aligning with your fondness for action-packed romances."
6,968,Night of the Living Dead ,"This is from a genre you typically avoid, but it might still interest you."
6,989,Schlafes Bruder (Brother of Sleep) ,"'Schlafes Bruder (Brother of Sleep)' is recommended because it shares themes of romance, family, and drama, aligning with your history of enjoying 'To Gillian on Her 37th Birthday' and 'Witness'."
6,993,Infinity ,"This is from a genre you typically avoid, but it might still interest you."
6,1030,Pete's Dragon ,"Pete's Dragon is recommended based on your preferences due to its genre match with 'Hercules' and 'The Lion King', both of which you enjoyed for their Animation, Children's, and Musical elements."
6,1039,Synthetic Pleasures ,"'Synthetic Pleasures' is recommended due to its exploration of the intersection of technology and human desire, aligning with your interest in Action and Thriller genres."
6,1071,For the Moment ,"""For the Moment"" is recommended because it combines romance and war genres, aligning with your interest in 'Pete's Dragon', 'Patriot, The', and 'Witness'."
6,1077,Sleeper ,"This is from a genre you typically avoid, but it might still interest you."
6,1110,Bird of Prey ,"'Bird of Prey' is recommended due to its alignment with your Action and Romance preferences, particularly given your liking for similar films like 'Top Gun' and 'Tequila Sunrise'."
6,1116,"Single Girl, A (La Fille Seule) ","This is from a genre you typically avoid, but it might still interest you."
